tweet,Likes,Comments,Retweets,UserName,label
"It doesn‚Äôt matter what a gallon of gas costs-renewables can‚Äôt power the US economy, not now, not in foreseeable future
58
473
2,739",473.0,58.0,"2,739",@JJCarafano,0
"""We're banning all imports of Russian gas, oil and energy,"" announces 
@POTUS
 https://liveuamap.com/en/2022/8-march-were-banning-all-imports-of-russian-gas-oil-and-energy‚Ä¶ via 
@W7VOA
70
424
2,316",424.0,70.0,"2,316",@Liveuamap,0
"These are also known as ‚Äúpump gas with ya glock‚Äù stations
7
109
109",109.0,7.0,109,@_JuiceJones,0
"Gas is already at $4.33 a gallon here in DC, if there's a Russian oil ban, I fear things will surpass 2008 levels.
187
93
575",93.0,187.0,575,@IntelDoge,0
"In the search for new measures against  because of its aggression the oil exports is now in focus. It should be possible to stop most of this, although some fear the effects if rising oil prices. With gas, the situation is more complicated, but serious thinking is underway.
24
80
534",80.0,24.0,534,@carlbildt,0
"Good piece. I‚Äôll add that i saw a thread yesterday with 3 legacy media reporters in total agreement that there‚Äôs nothing we can do to get more gas out of the ground right now. One of them said with a straight face ‚Äúeven after the permit is issued, it takes a long time to drill‚Äù
National Review
@NRO
 ¬∑ Mar 9
The White House Gaslights on Gas | by @njhochman  https://nationalreview.com/corner/the-white-house-gaslights-on-gas/?taid=6228b39e07024b000156be08&utm_campaign=trueanthem&utm_medium=social&utm_source=twitter‚Ä¶
10
55
199",55.0,10.0,199,@SaysSimonson,0
"Seeing whole columns of Russian armor out of gas and sitting on the side of the road makes me really wish we had the targeting and fires support lined up to take them off of the field. 

Would be a huge help to Ukraine 
9
43
249",43.0,9.0,249,@klonkitchen,0
"The EU spent almost 13 million EUR on Russian coal, oil, and gas since the Kremlin‚Äôs war on Ukraine began on February 24. 

Stop financing Putin‚Äôs war machine! #StopPutin
5
41
88",41.0,5.0,88,@SashaUstinovaUA,0
"Multiple sources tell me investigators believe a maintenance man at the Flower Garden Apartments accidentally cut a gas line instead of a similar looking drain pipe as he attempted to clear a clogged drain. That release of gas likely leading to the massive explosion injuring 14
3
40
16",40.0,3.0,16,@Brad7News,0
"Gas might 5+ but riding dick is freee shordy
3
38
98",38.0,3.0,98,@nikkotank,0
"If you‚Äôre in Maryland and about to buy gas‚Ä¶you might want to wait a couple hours. At 2pm 
@GovLarryHogan
 will sign a bill ordering a 30 day gas tax holiday. We‚Äôve learned hundreds of gas stations have agreed to lower their gas price by the tax rate of 36 cents/gal immediately.
2
35
64",35.0,2.0,64,@Brad7News,0
"Putin rigged the 2016 election; caused US inflation and gas prices; but he somehow can‚Äôt conquer Ukraine at will-weird
3
33
118",33.0,3.0,118,@JJCarafano,0
"Replying to 
@NewVoiceUkraine
The people of #Ukraine are changing the world it‚Äôs inspiring forever a #UkraineStan 

 Ps fellow Americans you just had to wear a mask and not even. Gas mask
1
32
275",32.0,1.0,275,@sonofnels,0
"Gas go up everybody complain.. .Jordans/Bundles $400 + line down the street. 
6
26
45",26.0,6.0,45,@GeekyB,0
"So hold up...gas is almost $4 and y'all driving cross country in them big ass trucks to make a statement and prove a point?
6
22
68",22.0,6.0,68,@tommiecollins,0
"Well you need gas and oil to generate electricity to power electric cars.
Sebastian Gorka DrG
@SebGorka
 ¬∑ Mar 6
This from a guy who makes money selling Electric cars. 

Bravo @elonmusk.
4
20
49",20.0,4.0,49,@JJCarafano,0
"gas too high for sport mode
2
20
18",20.0,2.0,18,@tuechainz,0
"Before and After:  Friendly Garden Apartments on Lyttonsville Road in Silver Spring:  resident reported first to 
@nbcwashington
 smelling a strong odor of gas prior to the explosion and devastating fire.  #Chopper4 brought you there first.
16
29",16.0,0.0,29,@Chopper4Brad,0
"Dems urge Biden to increase domestic energy production in the face of skyrocketing gas prices https://foxnews.com/politics/dems-urge-biden-increase-domestic-energy-production‚Ä¶ #FoxNews 
@marisa_schultz
foxnews.com
Dems urge Biden to increase domestic energy production in the face of skyrocketing gas prices
FIRST ON FOX: A group of Texas Democrats Tuesday called on President Biden to do more to unleash domestic energy production in the United States in the face of rising gas prices and reliance on...
1
12
18",12.0,1.0,18,@MikeEmanuelFox,0
"Pentagon Official says Russian troops have ""deliberately punched holes"" in their own gas tanks ""presumably"" to avoid combat as morale declines: report
2
10
31",10.0,2.0,31,@JJCarafano,0
"With gas prices at $5.00. 

WHO ALL GONNA BE THERE. QUICKLY!!!!
10
17",10.0,0.0,17,@MarcBennett_,0
"If gas go up any higher shid  
6
9
56",9.0,6.0,56,@ItsTexasT03,0
"Why won‚Äôt Glenn Youngkin go after price gouging gas stations?
Joe Biden
@JoeBiden
United States government official
 ¬∑ Mar 17
Oil prices are decreasing. Gas prices should too.
ALT
9
9
42",9.0,9.0,42,@marcussimon,0
"It‚Äôs a strange blessing that many of my grandparent‚Äôs generation who selflessly beat back evil, fascist regimes in Europe are not here to see their children and grandchildren complain about gas prices while Ukrainians are literally fighting for their very country‚Ä¶and their lives
4
9
39",9.0,4.0,39,@KevinPWalling,0
"We survived the winter of death, now Biden will bravely see us past Putin‚Äôs gas hike and somebody or the others inflation.
2
9
39",9.0,2.0,39,@JJCarafano,0
"Credit where it's due: 
@NBCNightlyNews
 held Biden accountable for his failure to bring gas prices down
newsbusters.org
'Drop In the Bucket': NBC Pours Cold Water on Biden Energy Plan
With gas prices continuing to rise amid the ongoing Russian invasion of Ukraine, NBC Nightly News committed a random act of journalism by calling out the reality that the Biden administration‚Äôs...
1
8
25",8.0,1.0,25,@KevinTober94,0
"End of the month is always hard for a small org like MM & it‚Äôs when most people reach out for help for food/gas/rent/needs

Ways to donate: 
> Link in bio 
>C*shApp & V*nmo: MercyMissionsBR
>Walmart e-gift cards to give directly to people in need sent to MercyMissionsDC@gmail.com
1
8
19",8.0,1.0,19,@repreaux,0
"Gas prices will drop 
Gas prices will drop 
Gas prices will drop 
Gas prices will drop 
Gas prices will drop
8
14",8.0,0.0,14,@WYETTHASSP0KEN,0
"Every time my gas needle moves now..

Me: IKYFL 
8
13",8.0,0.0,13,@ceetron,0
"The U.S. national average price for a gallon of regular unleaded gas hits $4.173, breaking the all-time high set in July 2008.
1
7
8",7.0,1.0,8,@itsSpencerBrown,0
"Fire chief confirms maintenance worker cut 1 1/2‚Äù gas pipe thinking it was a drain pipe. Chief says worker and apartment resident experienced a ‚Äúflash thermal event‚Äù as they fled the apartment the main explosion happened. Ruling explosion accidental
1
7
5",7.0,1.0,5,@Brad7News,0
"The trucking industry and the grocery industry are warning about the impacts of high gas prices.

""It is time the Biden Administration and Congress get real about American energy independence,‚Äù said the President of 
@TRUCKINGdotORG
wjla.com
High gas prices may lead to higher food prices at grocery stores and restaurants
Gasoline is now above $4 a gallon in the Washington, D. C. area and if prices continue to climb and stay this high, it may impact more than what you pay at the pump. Pain at the pump may lead to a...
7
4",7.0,0.0,4,@NickMinock,0
"Gas prices in Capitol Hill, DC.

Bruh.
12
7
34",7.0,12.0,34,@VishBurra,0
"Just don't blame Biden ""OPINION: Blame corporate greed And ‚ÄúBig Oil‚Äù executives for higher gas prices"" and also don't blame Ukraine, either, because you must sacrifice for them now. Really, it would be worth it at $15/gallon, Patriot!
occupydemocrats.com
OPINION: Blame corporate greed And ""Big Oil"" executives for higher gas prices
As consumers suffer at the pump, big oil rakes in the profits hand over fist.
1
7
17",7.0,1.0,17,@chrisabraham,0
"Sen 
@JohnCornyn
: ""It's truly shocking that this Administration is so against and so opposed to American oil and gas that they'd rather make it easier to buy oil from the Maduro regime than from here at home in America.""
youtube.com
Sen. John Cornyn: Biden Picks Venezuelan Oil Over American Energy
---SUBSCRIBE to get the latest from Senator John Cornyn: http://bit.ly/SubscribeCornynYTVisit Senator Cornyn's website: https://cornyn.senate.gov Like Senato...
2
7
14",7.0,2.0,14,@MikeEmanuelFox,0
"They ain't shutting shit down, they in the slow lane SMH 
They paying all that gas money for THIS? 
Adam Tuss
@AdamTuss
 ¬∑ Mar 6
Current scene on the Beltway in Virginia (taken from passenger seat) @nbcwashington
Show this thread
1
6
1",6.0,1.0,1,@tommiecollins,0
"Pelosi says if there is a gas tax holiday, there‚Äôs no guarantee oil companies would pass along savings to consumers. 

On banning Russian oil and gas imports, she says ‚ÄúI‚Äôm all for that. Ban it.‚Äù
1
5
7",5.0,1.0,7,@AllieRaffa,0
"Atlantic Canada is sitting on trillions of cubic feet in natural gas that we could easily export to Europe while also reducing our reliance on coal. Just sayin' 
@premierbhiggs
 @TimHoustonNS
.
Connor O‚ÄôBrien
@cojobrien
 ¬∑ Feb 24
Uncomfortable truth is that we are temporarily going to need to do a lot more fracking ASAP.
2
5
34",5.0,2.0,34,@hamandcheese,0
"‚ÄúRussia has a pathetic economy‚Äî60% of its exports are oil and gas; they supply the money that powers the country‚Äôs military machine. The cost of solar and wind-power has dropped by an order of magnitude, to where it is some of the cheapest power on earth.‚Äù
theguardian.com
This is how we defeat Putin and other petrostate autocrats | Bill McKibben
After Hitler invaded the Sudetenland, America turned its industrial prowess to building tanks, bombers and destroyers. Now, we must respond with renewables
1
5
15",5.0,1.0,15,@cadwego,0
"Replying to 
@waltshaub
Gas prices are up, but we‚Äôre dealing with it by committing to drive less. Consolidate errands into fewer trips.  Plan routes and timing around traffic. It‚Äôs common sense stuff people should have been doing anyway. Several years of living overseas have taught me it‚Äôs manageable.
3
5
13",5.0,3.0,13,@Budzmutti,0
"Gas getting outrageous Joe!
5
13",5.0,0.0,13,@Ooh_Im_Fanceyy,0
"Y‚Äôall crying about gas prices but pay for gym memberships and ain‚Äôt even goin
1
4
8",4.0,1.0,8,@shalondajones30,0
".
@mcfrs
 chief Scott Goldstein says they‚Äôve found a cut gas pipe that could have led to the explosion. A maintenance man had been working in the area.
1
4
6",4.0,1.0,6,@tomroussey7news,0
"Gas prices really are high
The Hill
@thehill
 ¬∑ Mar 16
NEW: Harris to become Biden road warrior http://hill.cm/JsE7SJh
4
4
37",4.0,4.0,37,@SaysSimonson,0
"‚ÄúOil and natural gas aren‚Äôt the only exports that could be disrupted. Russia and Ukraine, taken together, supply more than one-quarter of the world‚Äôs wheat exports, almost 20% of corn exports and 80% of sunflower oil exports.‚Äù
marketplace.org
Ukraine conflict could push grain prices higher worldwide
Together, Russia and Ukraine supply a large part the world's wheat and corn exports.
1
4
3",4.0,1.0,3,@cadwego,0
"Montgomery County Fire Chief confirms investigators have recovered a ‚Äúcut‚Äù gas pipe in the building.  Also says a dog trained to find humans did again ‚Äúalert‚Äù over a specific spot of the wreckage of the exploded building again today.
1
4
2",4.0,1.0,2,@Brad7News,0
"All those PPP scams y'all did & now you're complaining about the price of gas? Use your company's credit card! 
1
3
7",3.0,1.0,7,@mermaid2388,0
"‚ÄúThe invasion will have negative consequences for global grain supplies in the short term, and by disrupting natural gas & fertilizer markets, have negative impacts for producers. This could push food price inflation, with consequences for low-income net-food importing countries‚Äù
JoeGlauber--IFPRI
@JoeGlauber1
 ¬∑ Feb 24
Ukraine and food security--a blog by my IFPRI colleague David Laborde and me:
https://ifpri.org/blog/how-will-russias-invasion-ukraine-affect-global-food-security‚Ä¶
3
4",3.0,0.0,4,@cadwego,0
"You paying for my gas, old man?
Yahoo News
@YahooNews
 ¬∑ Mar 5
For the second time in a week, President Biden urged for an end to remote work on Friday, framing the much-delayed return to the office for millions of white-collar workers as necessary for the United States to move beyond the pandemic. https://yhoo.it/3tOZpFx
3
3
29",3.0,3.0,29,@DieRobinsonDie,0
"Reminder that corporations are profiting at record levels right now. Every time you pump gas. Every time you buy meat. American oligarchs get richer.
2
3
17",3.0,2.0,17,@RobbieLeonardSA,0
"The US imports only 4% of its oil from Russia. And somehow gas prices have risen as if we were totally dependent from it. 

Time to move away from fossil fuels.
Reuters
@Reuters
 ¬∑ Mar 7
U.S. gasoline prices soar to highest since 2008 on Russia conflict -AAA http://reut.rs/3ClYxvz
1
3
17",3.0,1.0,17,@KratosPRT,0
"Replying to 
@JerryDunleavy
Oil & natural gas companies have nothing to do with setting the price at the pump. I hope our president knows that
3
3
16",3.0,3.0,16,@BrianJohnsonMPA,0
"Great way to test out our new meta transactions!

We now cover gas for minting & purchasing! 
Joey Burbach
@JoeyBurbach
 ¬∑ Feb 25
 STAR PROJECTORS 

My 3rd single is available everywhere now: https://onerpm.link/starprojectors

25 NFT editions of the song are available @mintsongs here: https://mintsongs.com/songs/5133
Show this thread
1
3
16",3.0,1.0,16,@_garretthughes,0
"#Brexit is when you‚Äôre out of gas.
Jim Grace
@mac_puck
 ¬∑ Feb 22
Replying to @KwasiKwarteng
We are reliant on Norwegian Gas. 

But, because of BREXIT, Norway is now legally obliged to cut off gas supplies to the UK if EU countries need that gas to compensate for shortfalls in Russian supplies.

I explained this 4 years ago:

https://twitter.com/mac_puck/status/1014164096109961218?s=20&t=2ru0T55_Td8MNi60_luUYQ‚Ä¶
1
3
16",3.0,1.0,16,@KratosPRT,0
"Me looking at the gas prices go down
GIF
ALT
3
13",3.0,0.0,13,@TWig1721,0
"Gas is $4.15 for regular at the Royal Farms in Broadlands, Virginia #loudouncounty

Story: https://wjla.com/news/local/gas-price-average-dmv-stations-reach-record-high-increase-cost-of-fuel-dc-washington-maryland-virginia-per-gallon-russia-invasion-ukraine-aaa-gasbuddy-2008‚Ä¶
3
1",3.0,0.0,1,@NickMinock,0
"You pay $10 a drink at the bar but complain about gas prices 
1
2
9",2.0,1.0,9,@PoeticSoultry1,0
"Replying to 
@CNN
Too late! Most of those mandates have been lifted. Can they think of another reason they like to waste gas going around the beltway during one of the worst times of the morning? We deal with clogged highways daily. It‚Äôs called rush hour.
3
2
77",2.0,3.0,77,@kentess1959,0
"With the Trump-loving trucker convoy heading into Washington, DC in time for President Joe Biden's State of the Union address, I think it would be horrible if DC area people were to greet them by pouring sugar into their gas tanks.
9
2
7",2.0,9.0,7,@funkyartist,0
"Yea, lemme get $1200 on pump #3

‚Ä¶‚Ä¶Just practicing for the summer 

But seriously what‚Äôs gas prices in your neck of the woods???
GIF
ALT
3
2
7",2.0,3.0,7,@GeekyB,0
"MoCo firefighters found a cut gas pipe at the Friendly Gardens apartment building that exploded last week; 14 people were injured and 225 people were displaced
bethesdamagazine.com
Source of fire, explosion at apartment building still under investigation, fire chief says
Search dogs stopped alerting on rubble, lowering chance that a person is in debris
1
2
5",2.0,1.0,5,@justupthepike,0
"Thank you Germany, Portugal and Switzerland! My foreign royalty check will buy me 2 gallons of Gas! #UkraineRussianWar #gasprices
11
2
34",2.0,11.0,34,@TonyBrunoShow,0
"Replying to 
@trisquire
And like, Biden TOLD us gas was going to be high‚Ä¶. Why is he playing in our faces!?
2
34",2.0,0.0,34,@Iammrfields,0
"As I mentioned a while back, Russian dominance of ammonium nitrate production, based on cheap natural gas, also is an important lever they can pull to hit back at sanctions.
Adrian Duhalt
@AdrianDuhalt
 ¬∑ Mar 4
.@business reports that ""#Russia is urging the country's #fertilizer producers to halt exports in a move that could send soaring global fertilizer prices even higher.""
https://bloomberg.com/news/articles/2022-03-04/russia-calls-on-domestic-fertilizer-producers-to-halt-exports‚Ä¶
2
3",2.0,0.0,3,@GregPriddy1,0
".
@RepMarkGreen
: ‚ÄúThe economic lifeblood of the Russian economy remains in its ability to export oil and gas. American dollars spent on Russian oil equals American dollars harming Ukrainians‚Äîplain and simple. We cannot allow our dollars to line the pocket of Putin‚Äôs devastation.‚Äù
2
3",2.0,0.0,3,@MikeEmanuelFox,0
"Wonderful, wonderful, absolutely #WONDERFUL!!! Those politically partisan #Trump obsessed #truckers had no real impact at all in the DC Metropolitan beltway region!!! Their planned ""chaos & disruption"" mission was a total #FAILURE!!! They #wasted their high priced #GAS!!!!!!
Dr. Melvin G. Brown
@GRevmgbrown4
 ¬∑ Mar 7
Open SmartNews and read ""‚ÄòPeople‚Äôs Convoy‚Äô Truckers Struggle to Defeat DC Traffic on Beltway"" here: https://share.smartnews.com/E6F59 
To read it on the web, tap here: https://share.smartnews.com/jmQxk
1
2
2",2.0,1.0,2,@GRevmgbrown4,0
"Just in:

Gas prices just reached a record high of $4.17/gallon for the first time.

A .56 cent jump in one week and .72 cent jump in a month.

One year ago the cost was $2.77/gallon.
@AAAnews
 @CBSNews
1
2
2",2.0,1.0,2,@errolbarnett,0
"Now that we all hate war! My American  friends, remember war belongs to no land, not Afghanistan  , Iraq  , Syria  , Sudan  , Iran  , Palestine  , nor Ukraine. Be Anti-war and pay its cost! You cant enjoy  $3 p gallon of gas much longer if you really give a fuck!
1
2
14",2.0,1.0,14,@sogand_karbalai,0
"listening to my mom painstakingly compare gas prices between dc and va while i have the bachelor finale paused
1
2
111",2.0,1.0,111,@Vanessa_ABee,0
"Gas stations got me thinking bout getting a car wash everytime I fill up to get that lower price 
2
2
11",2.0,2.0,11,@tommiecollins,0
"I was today years old when Salone WhatsApp taught me that the meaning of GDP is Gas, Diesel, Petrol.

Udat get mind post da meme day na Twitter? 
Dem wan ya way no day take joke so. 
1
9",1.0,0.0,9,@VickieRemoe,0
"Yooooo this is the best news I've read all week. I been manifesting 
@SydJColson
 getting a training camp contract since week 1 of 
@AUProSports
 #AUHoops. She has a dominant presence on the court. Stoked, man this is dope af. Show'em you got all gas Syd! 
#wnba #wnbatwitter #LVAces
Las Vegas Aces
@LVAces
 ¬∑ Mar 2
ùóüùóîùóóùó¨ ùóîùóñùóòùó¶!!! 

OFFICIAL: The Aces have signed Sydney Colson to our Training Camp Roster.

Aces fans show @SydJColson some love!
Show this thread
1
1
6",1.0,1.0,6,@Swaggy_DgB,0
"Excuse me while I ride my bike today! #bikedc #dcbike #gasprices #gas #adamsmorgan #nwdc #washingtonc #cannondalebikesdc #cannondalesynapse #cannondale
1
6",1.0,0.0,6,@Chris_Roell,0
"This is one of the cheapest premium gas prices around here in Northern Virginia. $3.95. There‚Äôs a wait three cars deep. Checked my 
@gasbuddy
 app - most places above $4.00/gallon, as high as $4.79. Brent crude broke $100/barrel - first time since 2014. #russia #ukraine #invasion
5
1
5",1.0,5.0,5,@RamyInocencio,0
"How the ban on Russian oil, natural gas and coal will impact us here at home: 
@wzmq19
 @WNYNewsNow
 @onecaribbeantv
 @WENYTV
 @ErieNewsNow
1
5",1.0,0.0,5,@RachelKnappNews,0
"I really be gunning my truck like gas ain‚Äôt $5 a gallon
1
5",1.0,0.0,5,@notFxckWil,0
"The two ChargePoint fast chargers at the High‚Äôs store in Jessup, Maryland dispensed an average of 58 kWh a day. That is the equivalent of about seven gallons of gasoline a day. Wonder how much gas is pumped per day there.
pluginsites.org
Fast Charger Utilization Study - Columbia / Jessup Q4-2021 - PlugInSites
Six Month Fast Charger Utilization of the usage at four DC fast charging sites in the area of Columbia and Jessup, Maryland.
1
1
4",1.0,1.0,4,@pluginsites,0
"Uncle Joe keep the gas low. #SOTU
1
1
4",1.0,1.0,4,@MarkusforDC,0
"Fire Chief says a cut gas pipe was found in the basement of the building. Maintenance work was being done in the building at the time. #BREAKING
Darcy Spencer
@darcyspencer
 ¬∑ Mar 4
About to get an update on the Silver Spring explosion. Causing pointing to ‚Äúhuman error‚Äù. https://nbcwashington.com/news/local/silver-spring-maryland-apartment-explosion-fire-friday/2990120/‚Ä¶
1
1
4",1.0,1.0,4,@darcyspencer,0
"My only take on the War in the Ukraine is I better not see anyone claiming to be pro life complain about the price of oil or gas.
1
4",1.0,0.0,4,@DavidNichols_31,0
"Replying to 
@washingtonpost
Higher gas prices and inflation in the United States are probably exactly what Biden will get out of his economic warfare against Russia
1
4",1.0,0.0,4,@LarryBoorstein,0
"This is such bad faith. Gas prices were up over $1 a gallon prior to any of this
Blake Hounshell
@blakehounshell
 ¬∑ Mar 8
Noteworthy: As Biden cuts off Russian oil, McCarthy‚Äôs spox is attacking him on Twitter for high oil prices, etc. this is why many Democrats feared a trap. Cc: @crampell
1
4",1.0,0.0,4,@ScottSloofman,0
"The phrase ‚Äúyou got gas money?‚Äù Is about to be making a definite comeback and it‚Äôs gon hit different
1
4",1.0,0.0,4,@moenelius,0
"Natural #climate solutions such as restoring degraded forests could create as many as 39 jobs per million dollars spent, that's a job-creation rate more than six times higher than the oil and gas industry.

#EthicalEvolution of #SocialMedia #Globzen #ClimateChange
1
4",1.0,0.0,4,@globzen,0
"The irony is not lost on conservative media types demanding that we sanction Russia‚Äôs energy sector while decrying rising gas prices 
3
1
3",1.0,3.0,3,@KevinPWalling,0
"Replying to 
@TheSGTJoker
 and 
@RapsGuy1000a
Do you know what they pay for gas in Europe? It's at least 2x what Americans pay, so shut up.
2
1
3",1.0,2.0,3,@laurenskahn,0
"sooo many people complaining about gas prices. walk then bihhh!!‚Ä¶ ‚Äúlemme get $35 on pump 7 big dawg‚Äù! 
2
1
3",1.0,2.0,3,@iJay_Spadez,0
"War in Ukraine, Soaring Gas Prices Shatter Consensus on Electric Vehicle Roll-Out https://route-fifty.com/infrastructure/2022/03/war-ukraine-soaring-gas-prices-shatter-consensus-electric-vehicle-roll-out/362929/‚Ä¶ My story for 
@routefifty
route-fifty.com
War in Ukraine, Soaring Gas Prices Shatter Consensus on Electric Vehicle Rollout
Republicans are raising concerns about energy security and reliance on Russia and China, as Democrats say the nation needs to press ahead transitioning away from gas-powered vehicles.
1
1
3",1.0,1.0,3,@danvock,0
"To the 
@gop
, gas > human life. 

Plus, let‚Äôs not let them gaslight Americans. US oil and gas production are near all-time highs. Keystone was many years from coming online. Are they even capable of being intellectually honest?
Sen. Marsha Blackburn
@MarshaBlackburn
 ¬∑ Mar 6
Under President Trump, gas was about $2.17 in 2020.
1
3",1.0,0.0,3,@being_steve,0
"I save hundreds of dollars at the gas pump each month with this weird trick. #bikeDC
Adam Tuss
@AdamTuss
 ¬∑ Mar 5
According to Triple-A, gas prices are above $4 a gallon in DC for the first time in over a decade. Average price is now $4.07 for regular. @nbcwashington
1
1
27",1.0,1.0,27,@WalterDeleonDC,0
"Replying to 
@BeckyDouglas957
 @RomanBorris
 and 2 others
Again? That‚Äôs horrible. ‚Äî I‚Äôm sure there are MANY properties like this in the county! 

Same style of apartment around Braxfield Ct & Parklawn Dr and it smells of gas EVERY single night I drive past‚Ä¶ 
@MontgomeryCoMD
 @washingtongas
2
1
2",1.0,2.0,2,@GroundQuake,0
"Replying to 
@jeanne_cleve
 @RMBuz
 and 
@Pistolannie31
Our appetite for gas guzzlers in America is part of that problem. But this started in the 70s with Nixon and the oil crisis. America is good at ignoring warnings because we are known to have short-fused memory. 

The lessons appear to be all now in the rear view mirror.
1
1
2",1.0,1.0,2,@US_Navy_Ret_MD,0
"Plus car insurance, health insurance,  phone bill, gas, water and all
a pearl in an oyster
@Ogho_sowho
 ¬∑ Feb 28
Rent due tomorrow. Not again 
1
1
2",1.0,1.0,2,@ruth19776902,0
"Replying to 
@RapsGuy1000a
 and 
@TheSGTJoker
Yeah, gas is always more expensive in #Canada compared to the US because it is more heavily taxed. In Europe you can feel your wallet get lighter when you fill up.

Right now, if inflation is the price of freedom, I'll take it & I don't want to hear kvetching.

#SlavaUkraini
1
1
2",1.0,1.0,2,@laurenskahn,0
"THIS
#GasPrice #gasprices #gas
1
1
2",1.0,1.0,2,@ReenaKaurH,0
"President Joe Biden says the U.S. ""will not be part of subsidizing Putin's war."" But admits the ban on Russian oil imports will bring higher costs, particularly at the gas pump.
wtop.com
US strikes harder at Putin, banning all Russian oil imports | WTOP News
President Joe Biden says the U.S. ‚Äúwill not be part of subsidizing Putin‚Äôs war.‚Äù But admits the ban on Russian oil imports will bring higher costs, particularly at the gas pump.
1
2",1.0,0.0,2,@capitolhilldc1,0
"#Costco Gas is $4.03
1
2",1.0,0.0,2,@tlbrown1221,0
"Gas is coming down. 
1
2",1.0,0.0,2,@ceetron,0
"More details on California gas price  relief plan
Sara Libby
@SaraLibby
 ¬∑ Mar 23
NEW: Gov. Gavin Newsom unveiled the details of his plan for relief from high gas prices: a $400 rebate for vehicle owners, plus three months of free transit for non-car owners. https://sfchronicle.com/politics/article/Newsom-proposes-400-debit-cards-to-offset-17024012.php‚Ä¶
1
2",1.0,0.0,2,@davidshepardson,0
"Replying to 
@neontaster
A similar thing is happening with their big bad military everyone is scared of having logistic issues and running out of gas on the side of the road maybe it‚Äôs more hype than truth
1
1
13",1.0,1.0,13,@Watchmakermaker,0
"Supply chain issue to blame for these two chargers continuing to be offline? Is this an issue for broken gas pumps? 
High's
@HIGHSDAIRYSTORE
 ¬∑ Mar 1
Replying to @pluginsites @ChargePointnet and @CarrollFuels
Thank you for reaching out to us. We checked in with our maintenance division and unfortunately, there is a delay on parts. As soon as those are received, the stations will be up and running. We apologize for the inconvenience!
2
1
1",1.0,2.0,1,@pluginsites,0
"Bring the price down! I need some gas!!! #runoutroulette #gas #maryland #tax #gastax
DCist
@DCist
 ¬∑ Mar 18
Gov. Larry Hogan signed a bill today that should give Marylanders a break at the gas pump: Effective immediately, there will be a 30-day gas tax holiday. https://dcist.com/story/22/03/18/maryland-gas-tax-holiday/‚Ä¶
2
1
1",1.0,2.0,1,@tkradio,0
"Interesting to hear the spin this morning on gas prices acting like this is all Russia‚Äôs fault. Has anyone not paid attention over the last year it‚Äôs been a problem before the Russia situation and policies have consequences. 
@FoxNews
 @CNN
 @MSNBC
1
1",1.0,0.0,1,@keithkorin,0
"Replying to 
@castergunx
STRAIGHT garbage  like everything is bad. people can‚Äôt drive, gas rising, we can‚Äôt fly like 
1
1",1.0,0.0,1,@enyophotos,0
"Replying to 
@NatsAndCats
 and 
@nextlevel_chey
Grew up there and just a few miles south. This happens way too often between DC and Baltimore.

A mixed bag of electric only housing, and those with gas and electric. 
This looks like an apartment filled with gas an the pilot light in the one next door ignited it.
1
1",1.0,0.0,1,@RAMLCPA,0
"Yeah, the gas station makes sure to remind us
Ja Morant
@JaMorant
 ¬∑ Mar 5
yesterdays price ain't todays price
1
1",1.0,0.0,1,@Thee_McNasty_,0
"I haven't watched the gas prices... I can't fuss about it because I need to get to where I need to be ..
1
1",1.0,0.0,1,@QueenBroklynCat,0
"Replying to 
@kikirodi64
 and 
@RepStefanik
I feel there are a couple States that being financed by Putin dollars may be having some bankruptcies that their citizens should be worried about that but they‚Äôre not because Joe Biden and gas
1
1",1.0,0.0,1,@sonofnels,0
"Those #truckers ""wasted"" their high priced #GAS!!! #MissionFAILURE!!!!!!
1
1",1.0,0.0,1,@GRevmgbrown4,0
"Replying to 
@MollyJongFast
You think, but no, instead protest by drive big ass trucks and 18 wheelers around the Beltway that waste gas and creates smog. But they will still complain about gas prices
1
1",1.0,0.0,1,@Dana17720456,0
"People in the #DC #Virginia #Maryland area. Be sure to use 
@GetUpside
!! Free app to get a few bucks back per tank of #gas not much but it‚Äôs something!

Click this link/use promo code PB899 to get an extra 20¬¢/gal bonus the first time you make a purchase.
upside.app.link
Save money on gas and food
Earn up to 25¬¢/gal cash back on gas at stations across the United States ‚Äì including all the big brands -- PLUS up to 15% on groceries and up to 35% at restaurants.
1
1",1.0,0.0,1,@carsplain,0
"Please don‚Äôt try and talk to me at the gas station if you not trying pay for my gas I‚Äôm just saying
1
1",1.0,0.0,1,@ThatGirl___ASH,0
"Replying to 
@c_cgottlieb
This is intentional. The Degrowth Marxist movement (aka Climate Activists) want to destroy civilization to the ground and start over from scratch. But without economic health, there is no ability to protect the ecosystem.  Dup China Joe's policies led directly to $5+/gallon gas.
1",1.0,0.0,0,@jrsuthard,0
"How much more would you be willing pay for a gallon of gas if there was a total Western boycott of Russian oil?
Don‚Äôt drive
30.4%
Under $1
4.3%
$1-$2
26.1%
Over $2
39.1%
23 votes
¬∑
Final results
1",1.0,0.0,0,@richardmskinner,0
"Gas is 3.99
GIF
ALT
1",1.0,0.0,0,@tishmuny,0
"No way gas prices this high slim
1",1.0,0.0,0,@_1Lboogie,0
"I‚Äôm doing some really hard-hitting reporting here. I went out of my way (three blocks) to get that sweet no-gas-tax-Maryland fuel. And reader, I have to tell you, I‚Äôm not sure I noticed the difference.
1
9",0.0,1.0,9,@danvock,0
"Got that gas!!!
Maryland Football
@TerpsFootball
 ¬∑ Mar 7
OFFICIAL 4.34!! 

The fastest safety at the NFL Combine is Nick Cross. twitter.com/TerpsFootball/‚Ä¶
9",0.0,0.0,9,@CoachRyanDavis,0
"But their is no federal mandate on vaccinations and the mask mandate has been lifted everywhere. So they just going to fuck traffic up around here today and burn gas‚Ä¶
NBC4 Washington
@nbcwashington
 ¬∑ Mar 6
UPDATE: Numerous vehicles appear to be leaving the Hagerstown Speedway. Protest organizers said: ""Beltway here we come."" twitter.com/nbcwashington/‚Ä¶
2
7",0.0,2.0,7,@dsc72478,0
"Replying to 
@language1230
 @Logically_JC
 and 
@5Slapout
Remember alternate days for buying gas?   We survived.
1
7",0.0,1.0,7,@uskiwiblend,0
"Get ready for expensive gas.
AFP News Agency
@AFP
 ¬∑ Feb 24
#BREAKING Oil prices break $100 on Russian 'military operation' in Ukraine
7",0.0,0.0,7,@KratosPRT,0
"So, we checked this out. The trucks were making a nearby delivery and one of them ran out of gas....
zach
@z333ch
 ¬∑ Mar 1
@PoPville three abandoned trucks on Duke Ellington Bridge, 5 squad cars on scene and counting. idk if it's The Truckers but I'm stressed
7",0.0,0.0,7,@SpencerSays,0
"Who could‚Äôve predicted free gas was going to fuck up traffic, bike/ped access, snarl transit and make life harder not only for those trying to get the gas, but everyone in the immediate vicinity who had nothing to do with it
7",0.0,0.0,7,@PYZC773,0
"Does it bother anyone else that it seems most Americans care more about what happens to gas prices than they do about Ukrainian people?
3
6",0.0,3.0,6,@whitneydawn,0
"Bless you, Costco gas.
2
6",0.0,2.0,6,@RevChrisDavis,0
"I‚Äôm about to put some gas cards on my graduation wishlist because these prices are asinine‚Ä¶
6",0.0,0.0,6,@TheandraMadu,0
"Just saw gas for 4.30
2
56",0.0,2.0,56,@brockomole,0
"Replying to 
@J_Dot_J
Literally doing calculus in my head to decide whether it's worth going half a mile to save 10c/g over here.

That being said, I get gas, what, maybe 6 times a year when I'm not on road trips.
2
5",0.0,2.0,5,@JustinLawGuy,0
"The remains of an apartment building on Lyttonsville Rd. in Silver Spring that exploded/caught fire/collapsed earlier today. 

It smells like gas and there‚Äôs still ash in the air. A search dog is currently on top of the rubble pile.
The following media includes potentially sensitive content. Change settings
View
1
5",0.0,1.0,5,@TansillSuddath,0
"Yeah, old man, I can‚Äôt wait to commute again with these gas prices. Who cares about that money I‚Äôve been saving every month?
Yahoo News
@YahooNews
 ¬∑ Mar 5
For the second time in a week, President Biden urged for an end to remote work on Friday, framing the much-delayed return to the office for millions of white-collar workers as necessary for the United States to move beyond the pandemic. https://yhoo.it/3tOZpFx
5",0.0,0.0,5,@zrich412,0
"Replying to 
@HazeyDaisey17
 and 
@LindaFensterma3
My dad had to fill each car with gas on different days. Since my dad got up before the roosters did, he didn‚Äôt wait in line very long. I got that patience from him.
5",0.0,0.0,5,@kentess1959,0
"New:
@POTUS
 says during an address to the nation the US will again tap the strategic reserve ‚Äúas conditions warrant.‚Äù

Biden also warned against exploitative hiked prices by oil and gas companies ‚Äúto raise profits.‚Äù

More tonight on 
@CBSEveningNews
.
@CBSNews
1
4",0.0,1.0,4,@errolbarnett,0
"If Donald Trump was still President, gas would be $1+ cheaper AND Russia would NOT be invading Ukraine. Biden is a WEAK ‚Äúleader.‚Äù
1
4",0.0,1.0,4,@realtyleryz,0
"Funny how so many people bought SUVs when the gas prices crashed, and, well...lol.
1
4",0.0,1.0,4,@neonarodist,0
"It is my duty as an American to bite the bullet a bit when it comes to the price of gas at the pump. If paying a little more means I'm helping Putin lose quicker, I really don't mind. And I have another reason to go electric.
4",0.0,0.0,4,@WolfofNOVA,0
"if you ever feel dumb, just know that 16 year old me once put premium gas in my car that took regular & posted about it saying i was ‚Äútreating my car right today‚Äù  i fr thought any car could take any kind and it was just like choosing which car wash you wanted 
4",0.0,0.0,4,@lilbassfairy,0
"It's OK everyone, gas prices have already started to come back down!
2
3",0.0,2.0,3,@SupaDupaBats,0
"Replying to 
@aurora_f
 and 
@LaComtesseJamie
It would also give him a tighter grip on Europe‚Äôs energy by giving him control of the entire pipelines for a third of their natural gas and a quarter of their crude. Germany uses a ton of it. So, power projection.
1
3",0.0,1.0,3,@wyominghippie1,0
"Replying to 
@PastorLibrarian
Psych is such a gas. We may rewatch it soon.
1
3",0.0,1.0,3,@RevChrisDavis,0
"Russia has been using energy infrastructure as a weapon in Ukraine for many years: 1)Deliberately flooded coal mines in Donetsk & Luhansk; 2) blowing up coal power plants 3) sabotaging repairs/replacement parts; 4) gas CHP pipeline sabotage; all ongoing.
1
3",0.0,1.0,3,@DUhockeyFan,0
"n*gas was on the floor after buying nose bleeds , that‚Äôs god !
1
3",0.0,1.0,3,@kaymlow,0
"Replying to 
@MichelleLoganTV
 and 
@wusa9
Paying more for gas is the very least we can do.
1
3",0.0,1.0,3,@OBrieninDC,0
"So a convoy chooses to drive thousands of miles across the country. Only to complain about the price of gas?
Arieh Kovler
@ariehkovler
 ¬∑ Feb 25
As the Ukraine crisis intensifies, and as more states unwind Covid restrictions, I wouldn't be surprised if the various convoys end up talking as much about fuel prices as they do about mandates.
Show this thread
3",0.0,0.0,3,@pgranfield,0
"This is the gas leak season of drag race
3",0.0,0.0,3,@EldritchVirgo,0
"‚ÄúWhat we should be doing instead,‚Äù Sen. Cruz said, ‚Äúis what the Ukrainians have asked us to do: immediate and permanent sanctions on Nord Stream 2.‚Äù Cruz also said the U.S. should roll out sanctions on Russian oil and gas and supply weaponry to the Ukrainian military.
3",0.0,0.0,3,@zikessel,0
"I just paid almost $52 to fill up my gas tank what the fuck
3",0.0,0.0,3,@shelbybylsma,0
"There is 0 reason gas should be cheaper in Washington, DC than in the state of Georgia. That is all.
3",0.0,0.0,3,@jinchristensen_,0
"Replying to 
@FrancisMarion99
 @CNN
 and 
@clarissaward
Yeah and when the price of gas soars, you'll be the loudest one blaming Biden
3",0.0,0.0,3,@kyfleming,0
"There has to be a gas price joke alongside Daddy Yankee's retirement
Pop Base
@PopBase
 ¬∑ Mar 21
Daddy Yankee announces he is retiring from music after 32 years.
3",0.0,0.0,3,@Michael_2Clutch,0
"Quite a difference in gas prices in Maryland vs. Virginia today
3",0.0,0.0,3,@journoschu,0
"If I get my stuff done today I‚Äôm going to look for #snakehead in a local lake. While #shad sounds fun it‚Äôs too early in season for me and not spending gas money to drive to Potomac.
3",0.0,0.0,3,@RobSnowhite,0
"Replying to 
@MysterySolvent
From what I‚Äôve been hearing from the news, some of those tracks just ran out of gas, and no fuel trucks were available. Other vehicles had mechanical problems, and couldn‚Äôt get repaired. A few had IEDs exploded under them. Someone really didn‚Äôt think this out when planning this.
1
26",0.0,1.0,26,@kentess1959,0
"POV: not worried about gas prices (because I‚Äôve chosen a lifestyle that doesn‚Äôt depend on owning a car and I live in a city that makes it exceedingly possible)
25",0.0,0.0,25,@NickAddamo,0
"Dear Americans, please normalize saying ‚Äúgasoline‚Äù. It‚Äôs not a gas.
1
21",0.0,1.0,21,@KratosPRT,0
"Replying to 
@luvwhiskey_wine
About 40$ every two months.
I ditched the gas guzzlers back in 2003. Gas only ever goes up.
4
2",0.0,4.0,2,@WillemBagchus,0
"I jus failed emissions cuz my gas powered automobile has been sitting too long 
2
2",0.0,2.0,2,@ColaGotyochick,0
"Replying to 
@FSakes1000
We have decent gas station fried chicken here.
2
2",0.0,2.0,2,@NathanWurtzel,0
"A dude with a charger just pulled up trynna race me on central ave‚Ä¶.so he know gas $5 gallon? Nigga trippin
2
2",0.0,2.0,2,@SkeezeeWonder,0
"Staying high:

Gas prices surpassed $4/gallon for first time since 2008.

Who is paying the most?
@AAAnews
‚Äô top ten places *above* national average:

- CA $5.34

- HI $4.69

- NV $4.59

- OR $4.51

- WA $4.44

- AK $4.39

- IL $4.30

- CT $4.28

- NY $4.26

- PA $4.23
@CBSNews
2
2",0.0,2.0,2,@errolbarnett,0
"She saw the price of gas and burst into flames
Overheard District
@OverheardWDC
 ¬∑ Mar 7
Abandoned Prada heels and a floss pick spotted on the corner of Virginia Ave and Rock Creek
2
2",0.0,2.0,2,@conorjrogers,0
"Replying to 
@mrsjones1179
I ""cut"" my gas tank in half. When it reaches 1/2 I stop and fill up. Won't spend as much at 1/2 tank vs. An empty tank.
1
2",0.0,1.0,2,@ecl326,0
"Replying to 
@hokiesmash_ASD
It‚Äôs more than messing w/commuter traffic‚Äîthis might cause delays with grocery & gas shipping in this area.
1
2",0.0,1.0,2,@debramayberry,0
"Replying to 
@overitincali
I don't know anyone working class who can afford the gas to drive a big rig from California to D.C. Who's paying them then?
1
2",0.0,1.0,2,@kenixfan,0
"Replying to 
@BudDef
 and 
@Killmoenews1
Why?  The didn‚Äôt raise him or his killer or killers‚Ä¶.I guess the POTUS controls to gas prices too!   What‚Äôs next in your bag of clich√©s ‚Ä¶We need more basketball ball courts?
1
2",0.0,1.0,2,@Dilbert0529,0
"Hey 
@Uber
 @lyft
 @DoorDash
 - gas prices jumped a dollar per gallon in a day. When are you going to add a surcharge or raise pay rates for drivers to compensate? #rideshare #drivers
1
2",0.0,1.0,2,@MiguelAyala312,0
"Shell alone made $19B in profit last year. If you‚Äôre complaining nonstop about gas prices turn your ire toward oil and gas companies and their CEOs. They are milking this and you‚Äôre paying the price.
1
2",0.0,1.0,2,@BaltDawgFan,0
"Gas being so high really affects places without public transportation I‚Äôm lucky I‚Äôm two blocks away from the metro tbh
1
2",0.0,1.0,2,@TaviusClark19,0
"We knew that sanctions wouldn‚Äôt hit Russia where it hurts (oil and gas) bc that would literally freeze millions of Euros - that‚Äôs how dependent they are on Russia. Oil revenues will continue to fund Putins onslaught because Germans, Italians etc fell for 
@Greenpeace
 and 
@NRDC
 bs
2",0.0,0.0,2,@PatrickHynesDC,0
"Replying to 
@FaySaintJ
Giant is the grocery store in my area. The more you spend the more gas rewards 
2",0.0,0.0,2,@TChainzDC,0
"And not use a car and walk and bike and take E-bus and really shut up about gas price.
Sandi DeMita Dalomba
@SandiDeMita
 ¬∑ Feb 25
I‚Äôm willing to pay higher gas prices to save Ukraine. Anyone else?
Show this thread
2",0.0,0.0,2,@sogand_karbalai,0
"Replying to 
@SandiDeMita
Why are people still dependent on gas is the real question. EVs have been around since Obama's first term. And not the over hyped Tesla types.
2",0.0,0.0,2,@ReenaKaurH,0
"Joe Biden isn't raising gas prices. Vladimir Putin is.
-Shay Khatiri, Renew Democracy Initiative, our very opinionated moderator 

#PrinciplesFirst Summit
2",0.0,0.0,2,@katrane,0
"After this spike in gas prices, I made the executive decision to NOT drive to work anymore.
2",0.0,0.0,2,@Prissy_Lindsey,0
"First time paying over $10 for gas 
2",0.0,0.0,2,@tadaeltadael,0
"Everyone please shut the fuck up about gas prices. Thank you!
2",0.0,0.0,2,@WRyanMcCann,0
"I gotta hit one of these #AEW PPVs but it's not finna be this one #AEWRevolution... just bought $450 worth of gaming stuff and then my gas light came on so I'm done spending money for the weekend lmao
2",0.0,0.0,2,@_YaDoneMessedUp,0
"$500 a month in gas for me would turn into me being a frequent uber user lol I definitely can‚Äôt fade that type of bill.
2",0.0,0.0,2,@LetMualTellit,0
"Since everyone is posting pics of empty gas tanks I thought I'd share a pic of mine!!
2",0.0,0.0,2,@SupaDupaBats,0
"I ain‚Äôt ever seen $0.60 gas prices
sq√∏√∏f.
@vsqoof
 ¬∑ Mar 8
I miss when gas prices was the same as y‚Äôall gpa‚Äôs
2",0.0,0.0,2,@knrzo,0
"Replying to 
@JEFFREYHOOD15
 and 
@SebGorka
The shirt came from china and the gas to get it here from Russia.
2",0.0,0.0,2,@guy_fero,0
"I‚Äôm about to start muting and blocking every account that is blaming Biden for high gas prices. JFC these people are idiots.
Tom Malinowski
@Malinowski
US House candidate, NJ-07
 ¬∑ Mar 7
And if you say we should use our own oil instead, remember that Biden is approving more oil leases than Trump, and that projects like the Keystone Pipeline and drilling in the Arctic (even if you like them) won't give us anything for years. The practical fix is the Saudi one.
Show this thread
2",0.0,0.0,2,@jakeklee23,0
"Vaxed, waxed, boosted, and outta gas.   #SpringBreakInSixWords
Jimmy Fallon
@jimmyfallon
 ¬∑ Mar 7
It's Hashtags time! Describe your spring break using just six words and tag it with #SpringBreakInSixWords. Could be on the show!
Show this thread
2",0.0,0.0,2,@AnnaPJs,0
"Gas prices be like‚Ä¶
2",0.0,0.0,2,@Seph_Stiles,0
"$72 for gas 

No one talk to me for the rest of the day.
8
15",0.0,8.0,15,@keyharris,0
"it‚Äôs funny because I seen how high gas is and I immediately went to amazon and started looking for electric scooters 
2
13",0.0,2.0,13,@troythedesigner,0
"What's old is news again: August 8, 2006, my first-ever above-the-fold 1A byline in a metro daily on gas surging toward $4/gal. With inflation that'd be over $5.52/gal today. 

(Thanks 
@AllisonSeattle
 for sharing the byline with a very excited intern)
1
11",0.0,1.0,11,@nathanhurst,0
"Replying to 
@gilbeaq
Nuclear needs 100% backup since it can cut out unexpectedly. Remember Turkey Point. So it is easy to cut out nuclear. Unfortunately, gas is the backup so it is harder to cut that out of the system instantaneously the way Japan cut nuclear.
2
1",0.0,2.0,1,@ChrisDudley85,0
"Replying to 
@ACTBrigitte
Democrats care more about rising gas prices than Republicans. They also care about developing alternatives to gas run engine vehicles. Republicans care too much about their pockets being lined with money from those lobbyists who support the oil industry.
2
1",0.0,2.0,1,@kentess1959,0
"Lord Please Take This
Gas Out My Stomach
And Put It In My Car 
2
1",0.0,2.0,1,@QueenBroklynCat,0
"Replying to 
@DeleMotors
 @meisterkitan
 and 
@larmmy
I buy ham ooo, madam buy ham ooo. All I knw be say I no fit buy gas for 4:45 dollars per gallon 
2
1",0.0,2.0,1,@Ojist_B,0
"Replying to 
@janjowen
What if I want to reminisce someday about the price of gas in 1976?
2
1",0.0,2.0,1,@mls1776,1
"Replying to 
@schlthss
Even our EVs depend on electricity from burning gas! Look at the countries' people with oil; most of them suffer under a dictatorship. I lived that life. I know it So well! 
1
1",0.0,1.0,1,@sogand_karbalai,1
"Replying to 
@baecariss
All gas no break! 
1
1",0.0,1.0,1,@Team_Newby1,1
"Replying to 
@tharealcatmom
Cramps and gas. The gas is the worst fr fr! And I get mooodddyyyy
1
1",0.0,1.0,1,@itstifftiara,1
"Replying to 
@Jim__840
 and 
@Arriadna
This is gas prices in one of the more expensive areas in the DMV so they are full of trump
1
1",0.0,1.0,1,@sonofnels,1
"Replying to 
@MikeBigsley7
 @COsteelmagnolia
 and 3 others
I always pull for our country and I always respect the presidency but that doesn‚Äôt mean I follow him blindly. ‚ÄúAct for the good of the people?‚Äù was shutting down oil and gas production good for the people? Was canceling Trumps EO on Rx drugs good? Come on man!
1
1",0.0,1.0,1,@bobbynDC,1
"Replying to 
@yeselson
There are a lot of possible actions that, when polled, really need to be matched with potential costs‚Ä¶ ‚Äúwould you support a NFZ if it increased the likelihood of a wider war?‚Äù ‚Äúwould you support a ban on Russian oil if it meant higher gas prices?‚Äù
1
1",0.0,1.0,1,@richardmskinner,1
"Me at the dealership looking for an electric vehicle if these gas prices continue to trend like they are‚Ä¶
GIF
ALT
1
1",0.0,1.0,1,@djpremonition,1
"Replying to 
@MattSearles
 @krystalball
 and 2 others
I think Putin waited until now because it's a perfect storm: warmonger neolibs in office, gas prices high, crypto prices high, lots and lots of meddling in Ukraine, bourgeoning and impending Ukraine Orange Revolution, Olympics over, Taiwan and SCS drama. Germany is nukes, etc...
1
1",0.0,1.0,1,@chrisabraham,1
"Gas prices are thru the roof and these rum-dums want to joyride.
MoCo PG News
@MoCoPGNews
 ¬∑ Mar 6
The #PeoplesConvoy is slowly making its way down I-70 in Hagerstown, entering Montgomery County likely in the next hour or so... it plans to circle the entire Beltway/I-495 twice at low speeds. #MDTraffic
GIF
1
1",0.0,1.0,1,@bonsaidream,1
"Replying to 
@JSi07
Don‚Äôt know what you‚Äôre speaking of‚Ä¶. Gas prices nah‚Ä¶ #tesla
1
1",0.0,1.0,1,@ch3ssWVU,1
"I'm doing the speed limit until gas prices go down. 
1
1",0.0,1.0,1,@GCragwell,1
"Replying to 
@DeleMotors
Bro, I just bought gas 4.85 for shell ooo. E shock me oooo. Thank God say na Corolla I dey drive oooo.
1
1",0.0,1.0,1,@Ojist_B,1
"What is mental illness of the Russian soldiers who know they are over killing Civillians in Ukrane. One of the reasons that NAzis went from gun squads to gas vans & then Chambers was because it was emotionally hurting their soldiers. 
@gelles
  @SusanRogersMH
  @aprimm2317
1
1",0.0,1.0,1,@yzsmith,1
"Replying to 
@MunsingLaw
 and 
@ZachFisch
Considering most democrats believe in climate change, it's a bit of a cognitive dissonance to drive a gas guzzler don't you think?
1
1",0.0,1.0,1,@gmanz00,1
"Gas prices about to be $10 a gallon
1
1",0.0,1.0,1,@_JuiceJones,1
"If we ban Russian oil and gas, and they hike the prices to $300 a barrel.....go ahead and cancel yall Summer...matter of fact, the next two years canceled lol
1
1",0.0,1.0,1,@Prada_Gee_,1
"Replying to 
@TonyFratto
Curious: Do you know if costs of other necessities (ex: housing, food, healthcare) went up a bit relative to gas prices those years?
1
1",0.0,1.0,1,@davemenz,1
"Prices on everything is going up! Rent, gas and food  everyone needs a damn raise at this point
1",0.0,0.0,1,@Nana__819,1
"Since Biden took over office: 
-Afghanistan crisis
- inflation 
- Higher gas prices 
- Russia invading Ukraine 
- Stock market tanking  (P. Trump warned us) 
- southern border crisis
- next probably China invading Taiwan (coz America is weak now) 
#BidenIsAFailure
1",0.0,0.0,1,@o1ness_,1
"Never want to hear another British person call us dumb for calling it gas ever again.
1",0.0,0.0,1,@JLN612,1
"Replying to 
@matthewjdowd
Besides, there should've been less of a dependence on gas. Many of us made the switch the first year Obama was POTUS. As for the stock market, have you seen how well EV & EV battery stocks are doing, for instance? Move with the times, people. You'll be fine. Ukrainians may not.
1",0.0,0.0,1,@ReenaKaurH,1
"Replying to 
@ORIonTHOL
 and 
@GovLarryHogan
He didn't mention natural gas or oil, either...
1",0.0,0.0,1,@JustinO68146820,1
"Replying to 
@jemillerbalt
This is a business deal gone bad.  Majority of Ukraines, gas, oil, and pipeline are in eastern Ukraine. Sorry, no coincidence, no freedom mission.
1",0.0,0.0,1,@JustinO68146820,1
"Replying to 
@cadwallader_tom
I know, right? I live outside of DC and I'm fed up with these Trumpers converging on DC. We haven't forgotten what these people did on January 6, 2021. I would love to see a counterprotest where people would put sugar in their gas tanks and place some nails near their tires.
1",0.0,0.0,1,@funkyartist,1
"Transitioning to clean energy is meaningless if the world is in a constant state of war, which it will be if the West doesn‚Äôt shore up energy security. 

This means massive nuclear expansion, US LNG replaces Russian gas, and renewables where it makes sense (eg solar in desert).
KyivPost
@KyivPost
 ¬∑ Feb 27
BREAKING 
#Vasilkiv oil base

This is ecological catastrophe.
#russianinvasion #UkraineWar #UkraineUnderAttac #Ukrainenews
1",0.0,0.0,1,@PatrickHynesDC,1
"Replying to 
@DavidYankovich
And my fellow Americans are pathetically  complaining about the price of gas.
1",0.0,0.0,1,@LarryMcVA,1
"Asylum seekers in Ukraine don‚Äôt have any legal documentation to cross the borders. Yet gas price and the stock market are what leaders worry for.
1",0.0,0.0,1,@sogand_karbalai,1
"Filling up Snowflake   $3.44 a gallon. #pokemongo. Gotta catch‚Äôem all (@ Sam's Club Gas in Laurel, MD) https://swarmapp.com/c/8NR0gqZcEd6
1",0.0,0.0,1,@doutlaw311,1
"Replying to 
@LBinFL
 @CesarAlves_76
 and 
@anthonycwalker
They probably run out of gas before they got to him.
1",0.0,0.0,1,@Jurassic_Liz,1
"Replying to 
@LetsGoBrandonfo
 and 
@AndyOstroy
Why are we and Europe buying oil from russia Should we open up our oil and gas system
1",0.0,0.0,1,@mjsmcd,1
"Replying to 
@thehill
 and 
@TheHillOpinion
7.5% inflation, $3.64 a gallon gas but unemployment is 4%, 947,000 US COVID deaths.  And ""the state of the union is strong.""
1",0.0,0.0,1,@LarryBoorstein,1
"Replying to 
@EnviroEm
Yes, we‚Äôre hermits. Have only filled the car with gas once per year since the lockdown, too. 

Sanity is a separate topic (and assumes we were sane prior to the pandemic!) 
1",0.0,0.0,1,@cadwego,1
"Replying to 
@bangs_drums
 @therealJJJames
 and 
@Melissa_VA_757
From what I‚Äôve been reading, #2 is already a huge problem for them. UkA has been pretty effective at disrupting supply lines so they‚Äôve been running out of gas frequently.
1",0.0,0.0,1,@Number1MakeItSo,1
"What do you think? ""While we banned plastic straws, Russia drilled and doubled nuclear energy production""‚Äîall I know is that Germany def jumped the gun on dropping nukes before sustainability tech caught up with oil and gas and coal...
commonsense.news
The West‚Äôs Green Delusions Empowered Putin
While we banned plastic straws, Russia drilled and doubled nuclear energy production.
1",0.0,0.0,1,@chrisabraham,1
"A ban by Europe would be when we would be cooking with gas.
ABC News Politics
@ABCPolitics
 ¬∑ Mar 4
Bipartisan calls are growing on Capitol Hill for the U.S. to ban imports of oil from Russia over its invasion of Ukraine, but the White House stopped short of an outright ban‚Äîand experts said the impact would be limited. https://abcn.ws/3sI6E2H
1",0.0,0.0,1,@richardmskinner,1
"Replying to 
@drosssports
Wow I thought we had it bad...I think I paid 3.29 or 3.39 at the ""cheap"" gas station. Drain is right for everyone tho..
1",0.0,0.0,1,@americas71,1
"@KamalaHarris
 @JoeBiden
 If you really want to bring an end to putin and his terrorism you have to stop gas and oil from Russia right now.
1",0.0,0.0,1,@HajjiADavis,1
"Replying to 
@Filthypigeon80
 and 
@luvwhiskey_wine
My next car will be another full EV. Had a Leaf for 3 years. Excellent car. I have my eye on the Hyundai Ioniq 5.
Never buying a gas car again.
1",0.0,0.0,1,@WillemBagchus,1
"Replying to 
@RepMoulton
Rep Moulton:  Thank you for pushing a ban on Russian oil and gas.  Tell President Biden we Americans are with Sen. Manchin: We are willing to pay a little more for a gallon of gasoline.  It‚Äôs a small sacrifice.
1",0.0,0.0,1,@johnjseip,1
"Replying to 
@urbanbushwoman9
Gas prices always escalate on weekends but 20 cents more..
GIF
ALT
1",0.0,0.0,1,@LeCountB,1
"The Gas  in Sunoco $4.21 in Virginia.
1",0.0,0.0,1,@_tylerseonghall,1
"I'm happy to have no idea what gas prices are.
Josh Orita
@josh_orita
 ¬∑ Mar 5
Get an e-bike and free yourself.
Show this thread
1",0.0,0.0,1,@NickCasey,1
"Replying to 
@bennyjohnson
‚Äú I love the poorly educated ‚Äú‚Ä¶ Donald Trump.   No POTUS controls gas prices and OPEC or even American Oil producing states are not increasing oil production‚Ä¶. And by the way, the GOP‚Äôs latest hero started a war in Ukraine‚Ä¶.so yea, increase oil prices.
1",0.0,0.0,1,@Dilbert0529,1
"Replying to 
@GOP
Reality Check for the GOP It's the fault of gas companies.
1",0.0,0.0,1,@HajjiADavis,1
"Replying to 
@Revkin
Even on a gas grid, heat pumps reduce CO2 and methane emissions compared to gas heat.
1",0.0,0.0,1,@ChrisDudley85,1
"Replying to 
@hamrickisms
Public policy supports sprawl + having to drive everywhere. Denser communities=less driving and therefore, less stress about the price of gas.
1",0.0,0.0,1,@MathewFriedman,1
"Replying to 
@jph700
 and 
@Ojeda4America
Overlay Russian invasion geography over top of oil, gas, and pipeline territory. Voila!!
1",0.0,0.0,1,@JustinO68146820,1
"Replying to 
@GunnyJ
Trumpanzees do not. They're already screaming about the price of gas and telling Biden to release some from the national reserves while corporations are gleefully price gouging. It's why #NaziTrump said he loved the uneducated.
1",0.0,0.0,1,@screaminglibral,1
"Replying to 
@rgay
Well. Initials are TSE. I‚Äôm traveling. Pumping gas right now. More soon‚Ä¶
1",0.0,0.0,1,@cgoodwoman,1
"Replying to 
@15Deloreans
Well, induction is the best, and that's electric. I can work with electric resistance fine, but gas burners are still better/easier. Electric oven for sure.
1",0.0,0.0,1,@PTRQ,1
"Replying to 
@rje7
 and 
@michaelmiraflor
Saw $5.99 gas in LA back July of last year, but never saw above $6. Noticed between $3.39 - $4.49 for regular driving around Baltimore today.
1",0.0,0.0,1,@VNL,1
"I‚Äôve never worried about gas prices in my entire life lol.
Sarah Huckabee Sanders
@SarahHuckabee
Governor candidate, AR
 ¬∑ Mar 6
I‚Äôve never paid this much for gas in my life. Biden is hurting every American with his bad policies. We must be energy independent - quit protecting Russia‚Äôs energy industry and unleash ours!
1",0.0,0.0,1,@WalterDeleonDC,1
"It's surprising how fast these gas prices are rising
1",0.0,0.0,1,@gjason811,1
"Good thread on the convoy circling the beltway this week, for those not in the area wondering what‚Äôs going on. Won‚Äôt affect me, but consider that consumption is part of the gas price equation and these people are consuming A LOT
reddit.com
The People's Convoy - A Guide
Posted in r/washingtondc by u/octodo ‚Ä¢ 679 points and 216 comments
1",0.0,0.0,1,@jeremy3eb,1
"Let me go ahead and get these credits cards paid dwn cuz clearly imma be charging to get gas this summer!!!
1",0.0,0.0,1,@AnthonyDB18,1
"@jcrypto_eth
 inquiring on how to do the custom gas fee
1",0.0,0.0,1,@nft_juelz,1
"Replying to 
@coffeeisameal
I had to risk it all going to costco for gas yesterday with 10 miles left on my tank
1",0.0,0.0,1,@only_jans,1
"The way yall stressin over gas i know that designer fake
1",0.0,0.0,1,@iSplit_On_Wood,1
"This disgrace is bitching about gas prices while innocent people are being slaughtered in Ukraine. He should get a pair and tell the gas companies to suck it up and trim their profit margins temporarily. But, no, that would take actual courage.
Breitbart News
@BreitbartNews
 ¬∑ Mar 8
Rep. Jim Jordan (R-OH) railed against the Biden administration and Democrats for the record-high gas prices around the United States. https://trib.al/LgpD9HH
1",0.0,0.0,1,@ChuckCascio,1
"Had to drive my car to work today and needed to fill up gas. Nearly fell to my knees looking at gas prices  $4.60!?!?!???
1",0.0,0.0,1,@the_baq,1
"Replying to 
@naretevduorp
They rationed gas in WW II.
1",0.0,0.0,1,@LarryMcVA,1
"What is more difficult trying to explain to people how the rise in gas prices is not to to a shortage or that there is no such thing as trickle down economics 
@AmericanIdiots
1",0.0,0.0,1,@Jsul11235,1
"Replying to 
@SlavaMalamud
They would make you think there is NO WHERE ELSE IN THE WORLD they could get oil/gas from. 

Or, maybe, start up those old reactors. 
1",0.0,0.0,1,@wittcap79,1
"Replying to 
@realFruck
Skipping a few meals at Cracker Barrel would also reduce the load on their family vehicle and improve gas mileage.
1",0.0,0.0,1,@GarrickBoyd,1
"I just got gas for $4.05/gal  

#smallvictories
GIF
ALT
1",0.0,0.0,1,@TheandraMadu,1
"Filling up Snowflake  . $3.48 a gallon.   Gotta catch‚Äôem all. #pokemongo (@ Sam's Club Gas in Laurel, MD) https://swarmapp.com/c/5tGZhDdC943
1",0.0,0.0,1,@doutlaw311,1
"Replying to 
@RanaBoBana2
 @MikeBigsley7
 and 4 others
How abt opening the border that led to a 1066% inc in fentanyl seizures which led to over 100,000 OD deaths alone. How about implementing vaccine mandates when he said he wouldn‚Äôt. How about killing good jobs by cutting oil and gas production while begging Putin to sell us more.
4",0.0,4.0,0,@bobbynDC,1
"Replying to 
@politvidchannel
Why are you asking people to pay higher gas prices instead of asking them to go electric?! They've been around since Obama's first term. And not limited to the uber expensive Tesla!
3",0.0,3.0,0,@ReenaKaurH,1
"Replying to 
@DamienProduces
 bruh I‚Äôm sick lol ion even remember where the gas go ‚Ä¶ is it under the hood ? 
2",0.0,2.0,0,@ColaGotyochick,1
"to Iran or Venezuela to get oil is no better than getting in from Russia. And, this does nothing to help the environment and decrease our dependency on fossil fuels. Getting oil and gas from Venezuela or Iran does just as much environmental damage as getting it domestically- 5/
2",0.0,2.0,0,@ryansigston,1
"The US needs to improve its energy independence, fight  US rapidly increasing gasoline prices and diminish the inflationary effects of high gas prices by approving the Keystone XL pipeline ASAP.
1",0.0,1.0,0,@robin_ficker,1
"Replying to 
@JessicaG_comms
 and 
@tspra
That is the most amazing gas station complex ever! Nothing like it here on the East Coast.
1",0.0,1.0,0,@mbraham,1
"Replying to 
@ZacMoselane
Plan for gas  prices to be above R35 or more.  is one of the largest suppliers of oil, with sanctions, it has to be sourced elsewhere, at increased costs for limited supplies.
1",0.0,1.0,0,@solomon387,1
"Replying to 
@Trapperj2
To answer your real question: Putin might be great for Russia but he's bad for America. I mean, Russia's a huge competitor for the oil and gas trade. And having Germany beholden to Russia can't be good for the Axis of Power. Putin might be tyrannical but he's his own man.
1",0.0,1.0,0,@chrisabraham,1
"@STATter911
 any idea what‚Äôs up in the 4000 block of Columbia Pike? Seems like a pretty extensive 
@ArlingtonVaPD
 investigation along the whole block from the townhomes past the strip mall and to the gas station.
1",0.0,1.0,0,@bgannon97,1
"Replying to 
@JMarWV247
 @RobertS83007261
 and 
@laurenboebert
So you want gas to go up higher if we put sanctions on the oil?!
1",0.0,1.0,0,@samuel_badders,1
"Gas prices are up again 
1",0.0,1.0,0,@SherryAmor12,1
"Replying to 
@GOP
Here are the gas prices that anybody can find on Waze for the District of Columbia which should be more expensive than Podunk American gas prices because if your prices are more expensive that‚Äôs your gas wholesaler ripping you off
ALT
1",0.0,1.0,0,@sonofnels,1
"Replying to 
@Marbear2091
 and 
@ThatEricAlper
What gas? What lost wages? We can go over there, give the soldiers $20, and they go back to Russia and live like millionaires.
1",0.0,1.0,0,@kentess1959,1
"Replying to 
@DudeRyanBrewz
Gas prices probably got them.
1",0.0,1.0,0,@JayRockerz,1
"I just seen premium gas going for $4.89 in Howard County. I might have to steal her Sam‚Äôs card over the weekend.
1",0.0,1.0,0,@thisisdking,1
"Replying to 
@artdeco65
 @MikeBigsley7
 and 4 others
Compare: inflation, gas prices, real wage growth, crime, suicides and overdose deaths.  I can DEMONSTRATE that all of those metrics are worse under Biden!
1",0.0,1.0,0,@bobbynDC,1
" $5+ gas here we come
The Spectator Index
@spectatorindex
 ¬∑ Mar 4
Brent crude oil price

1st of November: $68

1st of December: $77

1st of January: $89

1st of February: $97

Now: $118.3
1",0.0,1.0,0,@Prada_Gee_,1
"if gas is $4 here, I know gas like $10 in Cali.
1",0.0,1.0,0,@mandisa3folami_,1
"Replying to 
@MikeBigsley7
 @artdeco65
 and 4 others
Inflation is at a 40 year high driven mostly but not completely by Biden‚Äôs policies. Cutting US oil & gas production gave us higher gas prices. Pumping $1.9 TRILLION in to the system gave us inflation. Don‚Äôt blame Putin for our economy https://wsj.com/amp/articles/inflation-definition-cause-what-is-it-11644353564‚Ä¶
1",0.0,1.0,0,@bobbynDC,1
"Replying to 
@mellonellen96
By the time niggas get back home they gonna need to go back for more gas 
1",0.0,1.0,0,@_JuiceJones,1
"Regarding the reports that Biden is seeking to court Venezuela and Iran to soften the oil and gas backlash that‚Äôs happening because of the war in Ukraine, here are my thoughts: The United States should immediately increase domestic oil production with the condition that it be- 1/
1",0.0,1.0,0,@ryansigston,1
"Replying to 
@_Buttabby
Man that‚Äôs normal up here I don‚Äôt even wanna get gas I know the shit is $5
1",0.0,1.0,0,@_loveejones,1
"Replying to 
@TensionFilter
 @saban_girl
 and 
@JulioCesrChavez
They raised 1.5M online.  MAGAts feed them and give them gas so‚Ä¶
1",0.0,1.0,0,@jimhofmann,1
"fuck me for riding a bike and not going out in public with 6000 lbs of gas guzzling armor, fuck me for riding back home to see my 2 year old and pregnant wife after a weekend away. They thought they were hilarious, though, group of men laughing at the threat of bodily harm to
1",0.0,1.0,0,@jeremy3eb,1
"Replying to 
@Easton0822
Snacks are cheaper then gas money for cum guzzling jeep/truck
1",0.0,1.0,0,@Whynotbeme2021,1
"Replying to 
@GOPLeader
Recipients from big Oil & Gas. And the reason why they won‚Äôt cite the economic downturn as the cause of rising gas prices.

McCarthy, Kevin (R-CA) $150,201
1",0.0,1.0,0,@HajjiADavis,1
"Replying to 
@OCDDavid
Anyone who can't make ends meet owning a gas station is hooked on drugs, hookers, or gambling.
1",0.0,1.0,0,@chrisabraham,1
"Replying to 
@aedwardslevy
Would be interesting to see if people complained about gas rationing once it was implemented‚Ä¶.
1",0.0,1.0,0,@richardmskinner,1
"I remember when I first started dating my girl, I saw the gas prices in LA and I thought naaaah fuck that shit. Now gas has got so high I'm paying that same shit i saw months ago ",0.0,0.0,0,@EliseoLaTortuga,1
Gee these gas prices are spanking ,0.0,0.0,0,@ColaGotyochick,1
I keep trying to tell you this gas hit different in this hookah,0.0,0.0,0,@Thick_N_Blonde,1
"Wait, did I miss it? 

Russia aka The Kremlin otherwise refereed to as #Putin‚Äîwas not locked-out of #SWIFT banking?  And there was no alleviation of #gas-tax?",0.0,0.0,0,@moblum,1
"Two things I predicted last year, in fact I think they‚Äôre in my feeds - high gas prices & a new war to fight. I hate being right. #LGB",0.0,0.0,0,@Johnalan42,1
If we panic here in the states over 2 inches of snow & run up all the toilet paper/water/gas imagine knowing War was coming soon the chaos here would be insane.,0.0,0.0,0,@c_miloandres,1
"As unattractive as it is I'd pay more for gas etc if it helps to take 
@KremlinRussia_E
 down.",0.0,0.0,0,@capitolhilldc1,1
"Replying to 
@toni_iacobbo
Myself on a gas stove many times. Not a cig though.",0.0,0.0,0,@nattyboh,1
"@DCAllisontv
 @AnnieYuTV
 @MichelleLoganTV
 @TonyPerkinsFMTV
 #getupdc , I was planning on using my gas rewards to top off,the rising gas prices will keep me from driving to dulles town center sat,1hr drive,so I'll miss seeing you Saturday , as I predicted,they invaded after games",0.0,0.0,0,@ronnietaylor474,1
"Not i asked the plug if he had some funnel and now he tryin hit my gas‚Ä¶nigga u the plug, GO ROLL YA OWN SHIT UP‚Ä¶TF",0.0,0.0,0,@ThaRealArmani,1
Damn Biden‚Äôs son was making bread working at an Ukrainian gas company,0.0,0.0,0,@Diaz83kg,1
"Let us know if you‚Äôre still cheering for Putin after seeing this video!! There‚Äôs no need for Russia to do this, except to appease Putin‚Äôa thirst for blood.  for ns who‚Äôre c Putin, in a few days, you won‚Äôt be  - you‚Äôll feel this at the gas  station.
The following media includes potentially sensitive content. Change settings
View",0.0,0.0,0,@solomon387,1
"Waiting for that $3.39 gas @ Fairfax, Virginia
instagram.com
Rudolph Gonzales (@rudykins2) ‚Ä¢ Instagram photos and videos",0.0,0.0,0,@rudykins,1
"Replying to 
@DanRodricks
I love tech. Faster than the speed of lies. The Russia‚ÄìUkraine gas disputes refer to a number of disputes between Ukrainian oil and gas company Naftohaz Ukrayiny and Russian gas supplier Gazprom over natural gas supplies, prices, and debts. These disputes have grown beyond simpl",0.0,0.0,0,@JustinO68146820,1
"Replying to 
@JacquelynGill
Boomer covers 46-64.  My childhood had economic security. But my adulthood had the gas crisis, the constant, & I mean constant, mergers. Jobs were really insecure in the early 90s, so there was the constant scrambling to regain economic ground.  Insecurity from lost health care.",0.0,0.0,0,@Rainbird42true,1
"Replying to 
@Creat1ve
 and 
@jermainedupri
I've never tried it but I need an ice cream like a diabetic needs sugar. I need an ice cream that won't bloat me up and gas my family out if this vegan ice cream taste so good let me get a sample or a coupon or hopefully it's even in my area of Gaithersburg Maryland",0.0,0.0,0,@june_yolanda,1
"As McCain said, Russia is like a gas station masquerading as a country.  1/2 their income is from oil and gas. Increase US production to drive down US gas prices and Putin‚Äôs income.",0.0,0.0,0,@robin_ficker,1
""" If you want to stand with the brave people of Ukraine, you need to find a way to stand against oil and gas."" As always, Bill McKibben speaks truth to power!
Bill McKibben
@billmckibben
 ¬∑ Feb 25
Oil and gas funds Russia's war machine
Oil and gas is its main weapon against Europe
We can get off oil and gas
https://theguardian.com/commentisfree/2022/feb/25/this-is-how-we-defeat-putin-and-other-petrostate-autocrats?CMP=Share_AndroidApp_Other‚Ä¶",0.0,0.0,0,@PaulaCLEMENTS14,1
"Replying to 
@SamHeughan
 and 
@GermanEmbassy
Well, not surprised Russia is their main natural gas supplier. Putin can cut that off anytime.",0.0,0.0,0,@InitiumNovum6,1
"Replying to 
@GOP
 and 
@marcorubio
If@only we took all the gas that comes out of your -holes the USA would be energy independent and exporters",0.0,0.0,0,@sonofnels,1
THE UNITED STATES OF AMERICA OIL AND GAS IS CRITICAL MOVING FORWARD TO ALEAST ANOTHER 30 YEARS PERIOD= NECESSITY PERIOD.,0.0,0.0,0,@TRUTHISLIFEONLY,1
"OIL/ GAS INDEPENDENCE  IS A MUST FOR USA FORWARD,  ENOUGH OF OPEC + AS WEAPONS OF TERRORISM, INTIMIDATIONS AND  VIOLENCE MUST COME TO END PERIOD  AS A LAW INCOMMING CONGRESS 2023 PERIOD.",0.0,0.0,0,@TRUTHISLIFEONLY,1
I will look for BP gas stations,0.0,0.0,0,@sonofnels,1
Some dude at the New Edition concert - Baltimore is wearing one of those gas station Dallas Cowboy trucker hats. Can‚Äôt be life.,0.0,0.0,0,@SuperEricRogers,1
I don't buy gas from a filthy station FOH,0.0,0.0,0,@HDonDatta,1
"Replying to 
@nathaliejacoby1
He must of been sniffing the gas fumes coming out of the leaking gas pipes.",0.0,0.0,0,@GCaball323,1
"Replying to 
@TomJChicago
Putin lied about the reason they were going to Ukraine, for training. Some of these soliders are 20 somethings. They do not want to kill Russians. They are running low on gas, food and their scared. It is heartbreaking to watch. Unfortunately THEY HAVE TO ABIDE BY PUTINS ORERS.",0.0,0.0,0,@kerlgirl62,1
"Replying to 
@BradSherman
No wonder so many were aghast at your tweet.  You and your pals helped stifle US oil & natural gas production, and now you want to tell the Saudis they are responsible for lost Ukrainian lives?  Please sir, show some integrity.",0.0,0.0,0,@SkinsBandwagon,1
"@thedavidcrosby
 Why are we and Europe buying oil from russia enriching them Should we open up our oil and gas system for us and europe Doesn't have to be forever but in this emergency situation  cuz we are enriching our enemy",0.0,0.0,0,@mjsmcd,1
They agreed to release 60 million barrels of oil from reserve. Please don‚Äôt think this will help at the pump because it won‚Äôt. Gas prices will stay on the rise.,0.0,0.0,0,@Dev_Jones85,1
"Regular price $3.59 a gal, wawa $3.53, BJ's $3.47,  I paid $ 2.96 a gal with #giantrewards ,what yall paying for gas lol #shellrewards @ Shell https://instagram.com/p/CakQ_MDrypP/?utm_medium=twitter‚Ä¶",0.0,0.0,0,@ronnietaylor474,1
"Replying to 
@sonofnels
 and 
@GOP
I‚Äôm probably in one of the  it inexpensive areas of DC too so gas prices are lower elsewhere",0.0,0.0,0,@sonofnels,1
"@DCAllisontv
 @AnnieYuTV
 @TonyPerkinsFMTV
 @NicoleDiAntonio
 #getupdc I believe the main reason for Russia attack and capture of it's own land is the oil and untapped natural gas there,when they do they will cut us off 100%,just my guess, plus tom clancy thought also years ago hummn",0.0,0.0,0,@ronnietaylor474,1
"@NBA
 I CANNOT WATCH MY 
@memgrizz
 UP HERE IN VIRGINIA! YOU ARE EVIL!!!!!! AND YOU OWE ME GAS MONEY! DROVE FREAKIN 20 MI LOOKING FOR MY GAME ON TV!!! I HATE YOU!!!!",0.0,0.0,0,@TNTMarcia,1
What about the gas? The oil?,0.0,0.0,0,@bephillip33,1
Why TF is gas so damn high?,0.0,0.0,0,@subURBAN_Gypsee,1
"Have cash in small bills. Fill up the gas tank.  Store beans,  Now!",0.0,0.0,0,@yzsmith,1
I‚Äôm higher than gas prices,0.0,0.0,0,@aarxnjamal,1
"Fill my gas tank, or fly to the Caribbean? ",0.0,0.0,0,@GroundQuake,1
"@POTUS
 How about THE STATE OF THESE GAS PRICES?",0.0,0.0,0,@Kasman119,1
"@POTUS
 @LeaderHoyer
 @SpeakerPelosi
 - Do your level best to start a #RussianCivilWar since Russian soldiers are confused about why they are attacking Ukraine, punching holes in the equipment's gas tanks, and surrendering to Ukrainians. Take it to the next level! Putin deserves it!",0.0,0.0,0,@TikiRose,1
"Replying to 
@JMonocchi
 and 
@StephenMoore
When you are coming out of a pandemic you should have growth, that is common sense.  People going back to work.  Can‚Äôt stay low forever just like gas prices will go down and so will inflation.",0.0,0.0,0,@keithkorin,1
"Bro how is California charging $6+ a gallon for gas like‚Ä¶
GIF
ALT",0.0,0.0,0,@c_miloandres,1
"Well that‚Äôs a problem since I only marginally GAS about 3 of them tops.
Ikaris is mad about batgirl
@HouseofIkaris
 ¬∑ Mar 2
How do we feel about them as the new avengers
Show this thread",0.0,0.0,0,@wittcap79,1
Brahhh wtf!! Gas went from $3.75 to $3.99 in Laurel. In a day!?!,0.0,0.0,0,@_Pvttt,1
thinks imma go get a slurpee. i wanna take a ride but gas is too damn high. ,0.0,0.0,0,@symonsays___,1
yeah i can‚Äôt do gas stoves in my apartment complex idc how efficient it is,0.0,0.0,0,@NOTPVRADISE,1
Moe I went to the gas station this morning and it was 3.79 I just passed the same gas station omw home and it‚Äôs 3.89 wtf,0.0,0.0,0,@blackmigoche,1
"Filling up my gas tank Prepaid $20 because $4.05 per gallon now! Using get it up app to get discounts! #sunoco #gas #gastank #app #getitup @ Sunoco
instagram.com
Athanasius Francis C. Catalan (@afrancisccatalan) ‚Ä¢ Instagram photos and videos",0.0,0.0,0,@AFrancisCatalan,1
"Replying to 
@POTUS
Suggestion: Ask Americans to turn down thermostats, use public transportation where available, and support a total ban on imports of Russian oil and natural gas.",0.0,0.0,0,@johnjseip,1
"Replying to 
@seachickenycats
 and 
@patriottakes
And a psychiatrist to subscribe meds. If this was my family member, we would definitely be arranging an intervention now. Like, look what you‚Äôre doing. Why did you buy all those flags? Why did you pawn your grandma‚Äôs wedding ring to pay for gas to go to DC?!",0.0,0.0,0,@seymour_burns,1
"Replying to 
@therecount
Gas taxes should be used for the Highway Trust Fund to rebuild vital transportation infrastructure.",0.0,0.0,0,@LarryBoorstein,1
"You can‚Äôt not get gas when you drive till the shit is on E.  I only started to notice cause it went from 3.19 to 3.79 in a week.
Daddy Shark
@DrewskieC
 ¬∑ Mar 4
I remember a couple months ago y‚Äôall said you didn‚Äôt even notice gas prices. Y‚Äôall still stickin to that lie?",0.0,0.0,0,@LacedCo_,1
Gas real live went up 30 cent over night smh,0.0,0.0,0,@blackmigoche,1
gas in silver spring on wheels?,0.0,0.0,0,@ThaRealArmani,1
literally cringing at these gas prices,0.0,0.0,0,@OneThruFOREVER,1
At this point gas is as more than my insurance.,0.0,0.0,0,DAASAIR / @DCstanka,1
I know Tesla loving this spike in gas.,0.0,0.0,0,@mandisa3folami_,1
"$3.44 (@ Sam's Club Gas in Woodbridge, VA)
swarmapp.com
Robert | Sam's Club Gas
Get out. Explore. Download Swarm and live your life more checked in.",0.0,0.0,0,@NotEnuffTech,1
I just paid $15 for 3 gallons of gas lawd make it make sense  never using a regular gas station again. Sams club only for me,0.0,0.0,0,@robbsolo1,1
".
@ChrisPlanteShow
 previewing what‚Äôs coming up in the next hour of the show: ‚ÄúGas prices, members of Congress and lunatics‚Äù ",0.0,0.0,0,@KevinTober94,1
"Replying to 
@JoanPennnative
I will pay more for gas & food to defeat #Putin. I am 75 & on a fixed income. #SlavaUkraini!",0.0,0.0,0,@laurenskahn,1
"Replying to 
@POTUS
Now, go full FDR and ask us all for a little sacrifice‚Äîban all imports of Russian oil and gas!  Telling the American people you know you‚Äôre asking for sacrifice is your defense against selfish Republicans.  Praise Manchin and Murkowski!",0.0,0.0,0,@johnjseip,1
"Replying to 
@TheLeoTerrell
Leo you sure the reason for the rise in gas prices aren‚Äôt because of the economic downturn cause by Covid and gas companies raising prices. Your Thoughts.",0.0,0.0,0,@HajjiADavis,1
"Replying to 
@TheLeoTerrell
You sure the reason for the rise in gas prices aren‚Äôt because of the economic downturn cause by Covid and gas companies.",0.0,0.0,0,@HajjiASDavis,1
"#SugarSugar
In the gas tank still works...
Zachary Petrizzo
@ZTPetrizzo
 ¬∑ Mar 5
30 or so trucks have entered the speedway so far - traffic backed up near the venue for miles.",0.0,0.0,0,@KristinAndrade,1
$5.19/gallon for premium gas around my area ,0.0,0.0,0,@ifndef_define,1
Who bout to be by the fireplace wit some gas?,0.0,0.0,0,@ThaRealArmani,1
All I see on my TL rn is gas prices ,0.0,0.0,0,@_1Lboogie,1
"Heerak Christian Kim, 
@GOP
 candidate for US Congress in Virginia 8 District, spoke to residents in 
@FallsChurchGov
 & 
@ArlingtonVA
 about whether 
@JoeBiden
 & 
@KamalaHarris
 should open #KeystonePipeline & 100% of 
@TheDemocrats
 said, ""YES!""
@vademocrats
 are angry at high gas price!",0.0,0.0,0,@Heerak4Congress,1
".
@USTreasury
 @POTUS
 @WhiteHouse
 the time to ban all transactions with Russian oil and gas is now. Not later. Action is required. #StandWithUkraineÔ∏è",0.0,0.0,0,@bealejames,1
"Replying to 
@TheMaverickWS
Lol.  I cant wait for someone to hack into Tesla and shut them all down, or hit the gas.  Whatever the hackers preference.",0.0,0.0,0,@gmanz00,1
"Replying to 
@McFaul
Am I wrong or wasnt the #KeystonePipeline supposed to cut through native lands?!  If so, helping ease gas prices by disrupting native lands seems hypocritical & plain stupid to counter the economic repercussions of Russia invading Ukrainian soil, does it not?!",0.0,0.0,0,@WVirishTFS,1
"Replying to 
@DestinedFame
Man my citizen app be blowing up with shit going on around or at that gas station ",0.0,0.0,0,@_JuiceJones,1
"Anyone else playing #Runout #roulette these days because of these #gas prices? I probably need to get some gas but is so insanely expensive!!! @ iHeartRADIO DC
instagram.com
Toby Knapp (@tobyknapp) ‚Ä¢ Instagram photo",0.0,0.0,0,@tkradio,1
"Replying to 
@PassportAbuser
Idk about that bruh... if the price jumps 5 or 10 cents that's one thing but gas in my area went from 3.74 to 4.09 in like 4-5 days",0.0,0.0,0,@_YaDoneMessedUp,1
"Replying to 
@Pjjohnson322J
 @nbcwashington
 and 
@Chopper4Brad
And then they'll blame Biden and the liberals for the gas prices.  It so exhausting.",0.0,0.0,0,@MelanieLOD,1
"Replying to 
@FoxNews
 and 
@elonmusk
So you want the businesses that aren‚Äôt using the Gas & Oil leases to use them because it seems like maybe they‚Äôre sitting on them because they‚Äôre indebted to Russia?   Have you thought about that, oh wait y‚Äôall don‚Äôt think Nor does your audience",0.0,0.0,0,@sonofnels,1
"Mannnnnnn my gas light came on today... It's $""F*** you"".99 a gallon rn, I'm not tryna deal with this 
GIF",0.0,0.0,0,@_YaDoneMessedUp,1
Gas cooking is featured in all of our residences- a must-have for any at-home chef! This is our Capri 1 bedroom and den available on the 12th floor. Call today for details!,0.0,0.0,0,@ThePalatine,1
"Gas got niggas making life decisions lol
Jaz
@Jazzmanian_
 ¬∑ Mar 4
So I‚Äôm pumping gas and all I hear is ‚Äúgod damn‚Äù then another man says ‚Äúyeah man I said the same thing‚Äù 

& I‚Äôm acting like I don‚Äôt hear neither one 
Show this thread",0.0,0.0,0,@CodeNameJefe,1
Sorry but sending me 5-10 dollars for gas not gonna work no more. GAS COST!!!!,0.0,0.0,0,@Thatboi_a,1
"$5 per gallon gas before Memorial Day.
Bloomberg
@business
 ¬∑ Mar 7
BREAKING: Oil roars above $135 after the White House says it's discussing an embargo on Russian supplies https://trib.al/QNUGypn
GIF",0.0,0.0,0,@thisisdking,1
Forgot to get gas smh,0.0,0.0,0,@HwBoutDemAPPLES,1
I‚Äôm sick with these gas prices,0.0,0.0,0,@CallMeCharleee,1
Costco gas don‚Äôt open till 7 and it‚Äôs already a long line outside that joint I‚Äôll pass,0.0,0.0,0,@HwBoutDemAPPLES,1
"I Honestly Never Really Put Gas In My Car, David Does....And The Slight Chance I Do I'm Not Paying Attention To How Much It Cost I'm Watching My Surroundings ",0.0,0.0,0,@NopeNotEbony,1
"About time MoCo had one of these. (@ Royal Farms Gas in Gaithersburg, MD)
swarmapp.com
Ata | Royal Farms Gas
Get out. Explore. Download Swarm and live your life more checked in.",0.0,0.0,0,@ata_dizdar,1
"A well fought win by 
@PackWomensBball
. The 
@CanesHoops
 gave it a good go. 3 back to back games definitely left little gas in the tank mentally & physically. We will see you in the #NCAAWBB tournament making a ruckus.",0.0,0.0,0,@Swaggy_DgB,1
"Replying to 
@washingtonpost
Have fun filling the gas tank....",0.0,0.0,0,@shiznit4475,1
"Replying to 
@mellonellen96
Niggas about to start selling gas cards ",0.0,0.0,0,@_JuiceJones,1
"Replying to 
@MikeJoPro
I‚Äôm thinking it‚Äôs between inflation and the oil companies price gouging the gas.",0.0,0.0,0,@kentess1959,1
"Replying to 
@davidfrum
Maybe the boats ran out of gas",0.0,0.0,0,@RealMikeKeaton,1
"@JoeBiden
 please do something about these gas prices ",0.0,0.0,0,@Wedontknowhim,1
"Replying to 
@jason1749
Gas is $4 a gallon, Joe!",0.0,0.0,0,@DieRobinsonDie,1
"Replying to 
@BD22S22Rex
 and 
@Liveuamap
How long can you idle your truck in the winter before it runs out of gas?  How many days can you go without food or water?  I literally just gave you Russias nuke policy.  So at this point you are just entertaining yourself. Arivederci.",0.0,0.0,0,@gmanz00,1
"These Gas price‚Äôs not even close #CatsLivesMatter
The following media includes potentially sensitive content. Change settings
View",0.0,0.0,0,@3019livez,1
I‚Äôm about to see how long I can ride on empty cause these gas prices ain‚Äôt it,0.0,0.0,0,@Jigga06,1
"Replying to 
@bennyjohnson
Once again POTUS don‚Äôt control gas/oil prices‚Ä¶.I see your a lover of the ‚ÄúPoorly Educated ‚Äú too!",0.0,0.0,0,@Dilbert0529,1
"Gas  Prices hitting them pockets!
NFL Memes
@NFL_Memes
 ¬∑ Mar 7
Hardest hittin safeties in the league: 

1: Darren Sharper 
2:",0.0,0.0,0,@Stackz_x3,1
"Told the American people gas prices were going be be high and NOW he‚Äôs proposing this. The fuck is he doing? 
Yahoo News
@YahooNews
 ¬∑ Mar 5
For the second time in a week, President Biden urged for an end to remote work on Friday, framing the much-delayed return to the office for millions of white-collar workers as necessary for the United States to move beyond the pandemic. https://yhoo.it/3tOZpFx",0.0,0.0,0,@Iammrfields,1
Premium gas is 5.30?,0.0,0.0,0,@PrettyVickey,1
Gas really $4.19 wtf ,0.0,0.0,0,@therealjaleel__,1
Gas  damn near $5 these days . Good thing I don‚Äôt drive ,0.0,0.0,0,@LibraAbsolut,1
Gas going up but wages ain't,0.0,0.0,0,@laudeddivine_,1
I haven‚Äôt paid for gas in 4 years,0.0,0.0,0,@DAVANIMAL,1
"Rumor has it that Putin said, that as long as Russia has the oil and gas revenue, they can get by.",0.0,0.0,0,@DominiSchw,1
"Everyday I Wake Up, Gas Prices Higher Than The Day Before ‚Ä¶ ENOUGH IS ENOUGH!",0.0,0.0,0,@CallMeCharleee,1
Gas be like ‚Äòyesterdays price ain‚Äôt the same as todays‚Äô cause damn,0.0,0.0,0,@Igiveupbro,1
"Replying to 
@TerriB2021
Yeah, how much gas did that take?",0.0,0.0,0,@SusieinDC,1
"Replying to 
@cooney_tunes
With a gas fireplace‚Ä¶",0.0,0.0,0,@rwilson0,1
"JUST IN: 
@mcfrs
 chief says maintenance worker was working in unit 101 in building 2405 to fix clogged drain and cut a 1.5 inch gas pipe underneath the apartment. Incident considered accidental. Ignition source still undetermined.
Cory Smith
@CoryNBC
 ¬∑ Mar 7
TODAY: ‚Å¶@mcfrs‚Å© will hold press briefing to provide update on last week‚Äôs explosion and fire at the Friendly Garden Apartments in Silver Spring ‚Å¶@nbcwashington‚Å©",0.0,0.0,0,@CoryNBC,1
"Replying to 
@MarshaBlackburn
Under President Trump gas was about $3.00 in 2018. Under President Bush gas was about $4.10 in 2008. Under President Clinton it was about $1.10 in 1998. What was your point again?",0.0,0.0,0,@martiniys,1
"Replying to 
@Sportz_DC
 @TexasCommanders
 and 
@HilareeBanks
Gas hasn‚Äôt been this high since, brace yourself, 2008 ‚Ä¶ Dubyas last year",0.0,0.0,0,@Jezzrow22,1
"Replying to 
@ronythedisciple
You're the idiot if you think the President controls gas prices",0.0,0.0,0,@Spo_Original,1
"Another reason for me to never go back to New Jersey. I can pump my gas here in NOVA. Why would I go to New Jersey?
politico.com
New Jersey drivers may have to learn to pump their own gas
New Jersey is the only state that requires fuel station employees to operate the pumps and prohibits consumers from doing so. Now the industry is pushing to repeal the law amid worker shortages and...",0.0,0.0,0,@KevinTober94,1
"Replying to 
@amyewalter
Definitely some signs that Americans are giving Biden more approval on Ukraine than on other issues.  They back a Russian oil ban (which sounds like it‚Äôs coming) but we‚Äôll see how they actually react to higher gas (and food) prices.",0.0,0.0,0,@richardmskinner,1
"Russian-Ukrainian war, a full tank of gas costed $49.50.",0.0,0.0,0,@lixue2021,1
Gas prices got me wanting to skate board to work ,0.0,0.0,0,@Dredaye_89,1
Gas would get so high right as I start a new job with a longer commute ,0.0,0.0,0,@EliseoLaTortuga,1
"@Jim_Jordan
 Civilians, women and children are be murdered by Russian soldiers and you're whining about gas prices?
Rep. Jim Jordan
@Jim_Jordan
 ¬∑ Mar 7
How long until we see $10 gas?",0.0,0.0,0,@laSerenissima20,1
I just got 10 gallons of gas for $50 they only way to stay ahead of this is to never let your tank go pass half,0.0,0.0,0,@CodeNameJefe,1
".
@GOPLeader
 @LeaderMcConnell
 @GOPChairwoman
 @GOP
 You have figured out how to have your cake & eat it too.

You‚Äôre demanding the cutoff of Russian oil imports, but also for blaming President Biden alone for the resulting increase in gas prices.

Win/win. Congrats. #GutlessWonders
Greg Sargent
@ThePlumLineGS
 ¬∑ Mar 7
Just absurd: Republicans are already signaling plans to attack Biden for higher gas prices resulting from a ban on Russian oil imports -- even though Republicans themselves are demanding the ban.

The media needs to point out what epic baloney this is:
https://washingtonpost.com/opinions/2022/03/07/biden-oil-ban-russia-blinken-ukraine/‚Ä¶
Show this thread",0.0,0.0,0,@SicTransit34,1
"Gas Price Surge: DC and Maryland Reach Record High
nbcwashington.com
Gas Price Surge in DC, Maryland and Virginia
On Sunday, the national average price per gallon surpassed $4 for the first time since July 2008, according to data from AAA, and it‚Äôs projected to hit an all-time high in the days ahead.",0.0,0.0,0,@sakaniogu,1
"Gas, your utility bills and food are going to crush 80% of people in this country....most of us already living above our means...",0.0,0.0,0,@Prada_Gee_,1
"Replying to 
@HEAVYareTILLERY
$4.45 in VA right now, kinda close to DC but still! Gas is CHEAPER to buy in DC than here in Arlington/Falls Church!! It‚Äôs wild!!",0.0,0.0,0,@HazelMoriartyVA,1
"Replying to 
@KevinSixx13
I guess I have problems with gas prices because I almost never watch Fox News.",0.0,0.0,0,@kentess1959,1
"Replying to 
@MarshaBlackburn
While those gas prices were low they came with a cost. The former president was owned by our current nemesis Vladimir Putin. Your proximity to the past president vis-a-vis the republican party will eventually exact a price from you as well.",0.0,0.0,0,@ChuckLord1,1
"Replying to 
@LexieNorcross
@LexieNorcross
 It is not gas pump price but the economic shock. 2008 financial crisis was triggered in part by high oil prices.",0.0,0.0,0,@CapitolIntel,1
"Replying to 
@pinkristen
Yikes what has motivated you to leave cozy  where only gas prices and anxiety about interrupted tv to hear about war ‚Äî> what we face vs Ukraine horror ",0.0,0.0,0,@LisaNewmannews,1
"Replying to 
@DCAllisontv
 and 
@wusa9
Shut up about gas prices. It's the very least we can do.",0.0,0.0,0,@OBrieninDC,1
"Replying to 
@_MichiganderGal
 @Ginnion77
 and 
@SarahHuckabee
No, gas should cost $6 or $7 a gallon to pay for all the infrastructure cars require.",0.0,0.0,0,@abearmadeofbees,1
"Replying to 
@flapjackboy
 @maynestreet
 and 
@ACTBrigitte
Like I said earlier‚Äîwhat drugs are you doing and where can I get some? The president has nothing to do with the rise in gas prices. The president can‚Äôt control OPEC, can‚Äôt control inflation and can‚Äôt control the oil and petroleum industry. I‚Äôm sure if he could, Biden solves it.",0.0,0.0,0,@kentess1959,1
"Replying to 
@MichelleLoganTV
 and 
@wusa9
I hope reporters will consider mentioning this when covering the rise in gas prices.",0.0,0.0,0,@OBrieninDC,1
"GM People, another day of war, another day high gas prices who we blaming today LOB..",0.0,0.0,0,@CraigBattenberg,1
